ProductName,Price,Reviews,Availability,QuantitySold
"Fullstar Vegetable Chopper - Food Chopper - Onion Chopper - Vegetable Slicer & Spiralizer - Veggie Chopper with Container - Kitchen Gadgets - Home Essentials - Kitchen Accessories (4 in 1, White)",$29.97,4.5 out of 5 stars,In Stock,20K+
"REALINN Under Sink Organizer and Storage, 2 Pack Pull Out Cabinet Organizer Slide Out Sink Shelf Cabinet Storage Shelves, Under Sink Storage for Kitchen Bathroom Cabinet",$45.99,4.4 out of 5 stars,In Stock,10K+
"Ninja BL660 Professional Compact Smoothie & Food Processing Blender, 1100-Watts, 3 Functions -for Frozen Drinks, Smoothies, Sauces, & More, 72-oz.* Pitcher, (2) 16-oz. To-Go Cups & Spout Lids, Gray",$99.99,4.7 out of 5 stars,In Stock,6K+ bought in past month
"KRAUS Kore 30-Inch Undermount Workstation 16 Gauge Single Bowl Stainless Steel Kitchen Sink with Accessories, KWU110-30",$377.24,4.6 out of 5 stars,Only 2 left in stock - order soon.,200+ bought
"Mueller Pro-Series All-in-One, 12 Blade Mandoline Slicer for Kitchen, Food Chopper, Vegetable Slicer and Spiralizer, Cutter, Dicer, Grater, Kitchen Gadgets Sets with Container, White Sand/Dark Grey",$39.99,4.5 out of 5 stars,In Stock,6K+ bought
"RAZORSHARP™ Knife Sharpener With Adjustable Angle Guide — Diamond-Coated Ceramic Sharpening Stones for All Knives Including Precision Kitchen, Professional, Chef's Knives — Non-Slip Rubber Edge Grip",$49.99,4.5 out of 5 stars,In Stock,1K+ bought in past month
"Universal Kitchen Sink Stopper Strainer Combo 3 in 1 Use, 304 Stainless Steel Pop Up Sink Drain Strainer with Upgrade Folded Rod for US Standard 3-1/2 inch Drain Filter, Anti-Clog",$9.99,4.2 out of 5 stars,In Stock,50+ bought
"Mueller Pro-Series All-in-One, 12 Blade Mandoline Slicer for Kitchen, Food Chopper, Vegetable Slicer and Spiralizer, Cutter, Dicer, Grater, Kitchen Gadgets Sets with Container, White Sand/Dark Grey",$39.99,4.5 out of 5 stars,In Stock,6K+ bought
"Ninja BL770 Mega Kitchen System, 1500W, 4 Functions for Smoothies, Processing, Dough, Drinks & More, with 72 Blender Pitcher, 64 Processor Bowl, (2) 16-oz. to-Go, Black, with 2 Nutri Cups + Lids",$159.95,4.7 out of 5 stars,In Stock,6K+
"Scrub Daddy Scrub Mommy Sponges - Dish Scrubber + Non-Scratch Cleaning Sponges Kitchen, Bathroom + Multi-Surface Safe - Dual-Sided Dish Sponges for Scrubbing - Online Exclusive (3 Count)",$13.98,4.8 out of 5 stars,In Stock,30K+ bought
"Silicone Faucet Handle Drip Catcher Tray Mat, Silicone Faucet Mat Dish Soap Sponge Holder for Kitchen Sink Accessories Gadgets, Drying Mat for Kitchen Counter Bathroom Kitchen Sink Splash Guard -Grey",$9.99,4.0 out of 5 stars,In Stock,7K+ bought in past month
"Fullstar All-in-1 Vegetable Chopper, Mandoline Slicer & Cheese Grater - French Fry Cutter & Veggie Dicer - Cheese Slicer - Includes Bonus Handheld Spiralizer (6 in 1, Black/White)",$36.99,4.6 out of 5 stars,In Stock,7K+
"Tongs For Cooking - Heat Resistant 600 Degrees Stainless Steel Kitchen Tong,Heavy Duty Metal Locking Tongs - Perfect for Food,Salad and BBQ set of 3 (7"",9"" and 12"") Dishwasher",$11.99,4.7 out of 5 stars,In Stock,7K+
"Large Dish Drying Rack for Kitchen Counter, Detachable Large Capacity Dish Drainer Organizer with Utensil Holder, 2-Tier Dish Drying Rack with Drain Board, Black",$29.99,4.3 out of 5 stars,In Stock,4K+
"Etekcity Food Kitchen Scale, Digital Grams and Ounces for Weight Loss, Baking, Cooking, Keto and Meal Prep, LCD Display, Medium, 304 Stainless Steel",$13.99,4.6 out of 5 stars,In Stock,40K+ bought in past month
"OXO Good Grips Large Salad Spinner - 6.22 Qt., White",$29.95,4.7 out of 5 stars,In Stock,10K+ bought in past month
"Lifewit Silverware Drawer Organizer, Expandable Utensil Tray for Kitchen, BPA Free Flatware and Cutlery Holder, Adjustable Plastic Storage for Spoons Forks Knives, Large, Black",$18.99,4.7 out of 5 stars,In Stock,10K+
"Umite Chef Kitchen Cooking Utensils Set, 33 pcs Non-Stick Silicone Cooking Kitchen Utensils Spatula Set with Holder, Wooden Handle Silicone Kitchen Gadgets Utensil Set (Khaki)",$23.99,4.5 out of 5 stars,In Stock,9K+
"KitchenAid Large Capacity,Full Size, Rust Resistan Dish Rack Angled Drain Board and Removable Flatware Caddy, Light Grey",$52.99,4.6 out of 5 stars,In Stock,6K+
"Kitchen Gizmo Snap N' Strain - Silicone Clip-On Colander, Heat Resistant Drainer for Vegetables and Pasta Noodles, Kitchen Gadgets for Bowl, Pots, and Pans - Essential Home Cooking Tools - Grey",$14.49,4.4 out of 5 stars,In Stock,5K+
"Mixing Bowls with Airtight Lids Set, 26PCS Stainless Steel Khaki Bowls with Grater Attachments, Non-Slip Bottoms & Kitchen Gadgets Set, Size 7, 4, 2.5, 2.0,1.5, 1QT, Great for Mixing & Serving",$43.99,4.7 out of 5 stars,In Stock,2K+ bought in past month
"Meat Chopper for Hamburger, Premium Heat Resistant Masher and Smasher for Ground Beef, Ground Turkey and More, Nylon Ground Beef Chopper Tool and Meat Fork, Non Stick Mix Chopper",$8.99,4.7 out of 5 stars,In Stock,8K+ bought
"kelamayi Upgrade Broom and Dustpan Set, Large Size and Stiff Broom Dust pan with Long Handle, Upright,Ideal for Indoor Outdoor Garage Kitchen Room Office Lobby Use (Green)",$26.99,4.4 out of 5 stars,In Stock,10K+ bought in past month
"Herb Scissors, Kitchen Herb Shears Cutter with 5 Blades and Cover, Sharp Dishwasher Safe Kitchen Gadget - Green",$9.99,4.4 out of 5 stars,In Stock,800+ bought
"Homaxy 100% Cotton Waffle Weave Kitchen Dish Cloths, Ultra Soft Absorbent Quick Drying Dish Towels, 12x12 Inches, 6-Pack, Dark Grey",$9.99,4.5 out of 5 stars,In Stock,10K+
"S&T INC. Dish Soap Dispenser and Sponge Holder for Kitchen Sink, Sponge Included, 13 Ounces, Metallic Silver",$7.98,4.3 out of 5 stars,In Stock,2K+
"JAYVAR Onion Holder for Slicing, Lemon Slicer Onion Cutter for Slicing, Vegetable Cutter for Potato and Tomato, Avocados, Eggs, Food Slicer Assistant Tool for Slicing Fruit Lemon and Meat",$9.98,4.5 out of 5 stars,In Stock,5K+ bought in past month
"Hefty Ultra Strong Tall Kitchen Trash Bags, Lavender & Sweet Vanilla Scent, 13 Gallon, 80 Count",$14.96,4.8 out of 5 stars,In Stock,80K+ bought
"Amazon Basics Digital Kitchen Scale with LCD Display, Batteries Included, Weighs up to 11 pounds, Black and Stainless Steel",$11.49,4.7 out of 5 stars,In Stock,50K+
"24 Pack Kitchen Dishcloths - Does Not Shed Fluff - No Odor Reusable Dish Towels, Premium Dish cloths, Super Absorbent Coral Fleece Cleaning Cloths, Nonstick Oil Washable Fast Drying (Multicolor)",0.0,4.3 out of 5 stars,Not In Stock,
"Individual Storage Bag Organizer for Kitchen Drawer, Bamboo with Foil and Plastic Wrap Organizer for Kitchen Organizers and Storage, for Gallon, Quart, Sandwich, Snack",$36.99,4.1 out of 5 stars,In Stock,2K+
"Electric Garlic Chopper, Mini Portable Veggie Chopper, 250ML Garlic Grinder Masher Onion Chopper, Blender to Vegetable, Wireless Food Processor for Ginger, Chili, Fruit, Meat, etc",$16.99,3.9 out of 5 stars,In Stock,900+ bought
"KRAUS Bolden Commercial Style 2-Function Single Handle Pull Down Kitchen Faucet in Spot-Free Stainless Steel, KPF-1610SFS",$159.95,4.5 out of 5 stars,In Stock,300+
"4-in-1 Kitchen Knife Accessories: 3-Stage Knife Sharpener Helps Repair, Restore, Polish Blades and Cut-Resistant Glove (Black)",$13.67,4.5 out of 5 stars,In Stock,10K+ bought
"Scotch-Brite Zero Scratch Scrub Sponges, 6 Kitchen Sponges for Washing Dishes and Cleaning the Kitchen and Bath, Non-Scratch Sponge Safe for Non-Stick Cookware",$5.97,4.7 out of 5 stars,In Stock,70K+
"Vegetable Chopper, Pro Onion Chopper, Multifunctional 13 in 1 Food Chopper, Kitchen Vegetable Slicer Dicer Cutter,Veggie Chopper With 8 Blades,Carrot and Garlic Chopper With Container",$17.85,4.2 out of 5 stars,In Stock,5K+ bought in past month
"9 Pack Refrigerator Mats,Washable Fridge Mats Liners Easy to Clear Fridge Pads Mat Shelves Drawer Table Mats Refrigerator Liners for Shelves,3Red/3Green/3Blue",$12.99,4.4 out of 5 stars,In Stock,2K+ bought
"Vgo... 10-Pairs Reusable Household Gloves, Rubber Dishwashing gloves, Extra Thickness, Long Sleeves, Kitchen Cleaning, Working, Painting, Gardening, Pet Care (Size L, Yellow, HH4601)",$54.98,4.4 out of 5 stars,In Stock,100+ bought in past month
"iBayam Kitchen Scissors All Purpose Heavy Duty Meat Poultry Shears, Dishwasher Safe Food Cooking Scissors Stainless Steel Utility Scissors, 2-Pack (Black Red, Black Gray)",$9.99,4.8 out of 5 stars,In Stock,10K+ bought in past month
"HOOJO Refrigerator Organizer Bins - 8pcs Clear Plastic Bins For Fridge, Freezer, Kitchen Cabinet, Pantry Organization, BPA Free Fridge Organizer, 12.5"" Long, Clear",$23.99,4.7 out of 5 stars,In Stock,8K+ bought
"Cisily Sponge Holder for Kitchen Sink, Sink Caddy with High Brush Holder, Kitchen Sink Organizer Countertop Rustproof 304 Stainless Steel, Soap Dispenser Kitchen Organizers and Storage Essentials",$19.99,4.6 out of 5 stars,In Stock,10K+ bought
"Kitchen Mama Auto Electric Can Opener: Open Your Cans with A Simple Press of Button - Automatic, Hands Free, Smooth Edge, Food-Safe, Battery Operated, YES YOU CAN (Red)",$29.99,4.2 out of 5 stars,In Stock,7K+ bought in past month
"RAZORSHARP™ Knife Sharpener With Adjustable Angle Guide — Diamond-Coated Ceramic Sharpening Stones for All Knives Including Precision Kitchen, Professional, Chef's Knives — Non-Slip Rubber Edge Grip",$49.99,4.5 out of 5 stars,In Stock,1K+
"Chicken Shredder Large Chicken Breast Shredder Tool Twist with Brush&Fork, Visible Meat Shredder Machine, Strong Anti-Slip Strip, Ergonomic Handle, BPA Free, Suitable for Pork Beef Chicken",$22.99,4.6 out of 5 stars,In Stock,20K+ bought in past month
"Rubbermaid 60-Piece Food Storage Containers with Lids, Microwave and Dishwasher Safe, Red Color, Ideal for Meal Prep and Pantry Storage",$44.99,4.7 out of 5 stars,In Stock,6K+ bought in past month
"YouCopia StoraLid Adjustable Food Container Lid Organizer for Kitchen Cabinet Storage, Large",$16.99,4.6 out of 5 stars,In Stock,7K+ bought in past month
Cheese Grater with Garlic Crusher - Box Grater Cheese Shredder - Cheese Grater with Handle - Graters for Kitchen Stainless Steel Food Grater - Garlic Mincer Tool and Vegetable Peeler,$15.95,4.6 out of 5 stars,In Stock,900+ bought in past month
"Biodegradable Natural Kitchen Sponge，Eco Friendly Sponges for Dishes,Compostable Cellulose Sponge with Natural Plant Based Coconut Walnut Sustainable Scrubber Sponge Pack of 12",$14.99,4.6 out of 5 stars,In Stock,200+
"YouCopia UpSpace Adjustable Box Organizer for Foil Wrap and Kitchen Cabinet Storage, Original, White",$19.99,4.5 out of 5 stars,In Stock,3K+ bought in past month
"KitchenAid All Purpose Kitchen Shears with Protective Sheath for Everyday use, Dishwasher Safe Stainless Steel Scissors with Comfort Grip, 8.72-Inch, Black",$8.99,4.8 out of 5 stars,In Stock,30K+
Natural Kitchen Sponge - Biodegradable Compostable Cellulose and Coconut Scrubber Sponge - Pack of 12 Eco Friendly Sponges for Dishes,$16.95,4.7 out of 5 stars,In Stock,10K+ bought in past month
"10 Inch Microwave Food Cover & Collapsible Silicone Mat - Splatter Guard, Plate Holder & Kitchen Colander for Meal Prep, Charcoal",$9.99,4.5 out of 5 stars,In Stock,1K+ bought
"MR.SIGA Microfiber Cleaning Cloth,Pack of 12,Size:12.6"" x 12.6""",$12.98,4.7 out of 5 stars,In Stock,10K+ bought in past month
"OXO Good Grips Silicone Sink Strainer, Black",$9.95,4.7 out of 5 stars,In Stock,10K+ bought in past month
"4 Pack Water Bottle Organizer, Stackable Kitchen Pantry Organization and Storage Shelf, Plastic Bottle Holder for Fridge Kitchen Cabinet Organizer and Storage, Tumbler Mug Cup Organizer",$24.98,4.6 out of 5 stars,In Stock,800+
"Pro-Series 16-in-1 Vegetable Chopper w/Container, Cheese Grater Hand Crank, Box Mandoline Slicer Food Cutter Shredder Mandolin for Veggie Onion Salad Fruit Potato (Kitchen Gadget & Essential)",$29.99,4.3 out of 5 stars,In Stock,6K+ bought in past month
"Sync WiFi Wireless Meat Thermometer Digital, 2 Probes, Smart Base, LCD Display, Unlimited Range, Bluetooth 5.4, Improved Stability, NIST-Certified Accuracy, BBQ, Grill, Smoker, Oven, Kitchen",$189.00,4.7 out of 5 stars,In Stock,500+ bought
FoodSaver Elite All-in-One Liquid+™ Vacuum Sealer with Bags,$339.99,4.4 out of 5 stars,In Stock,100+ bought
"Instant VersaZone 9QT Air Fryer, 8-in-1 Functions with EvenCrisp Technology, Crisps, Broils, Bakes, Roasts, Dehydrates, Reheats at Same or Different Temperature, from the Makers of Instant Pot, Black",$199.95,4.4 out of 5 stars,In Stock,200+
"Mythinglogic Metal Under Sink Organizers and Storage, 2 Tier Under Sink Organizer, Pull Out Under Cabinet Organizer Shelf for Kitchen Bathroom Laundry Room (2 Pack)",$49.99,4.2 out of 5 stars,In Stock,
"Moreborn by Neakasa 12L Larger Capacity Electric Composter for Kitchen, Smart Odorless Food Waste Compost Machine, Turn Food Waste Into Organic Fertilizer for Plants, Indoor Compost Bin",$499.99,4.5 out of 5 stars,In Stock,50+
"12Pcs Steel Wool Scrubber Pads for Cleaning Dishes, Pans, Pots, Ovens, Grills, Sinks - Stainless Steel Scrubbers for Kitchen, 12 Pack",$11.99,4.7 out of 5 stars,In Stock,3K+
"Universal Kitchen Sink Stopper Strainer Combo 3 in 1 Use, 304 Stainless Steel Pop Up Sink Drain Strainer with Upgrade Folded Rod for US Standard 3-1/2 inch Drain Filter, Anti-Clog",$9.99,4.2 out of 5 stars,In Stock,50+ bought in past month
"VUSIGN Under Sink Organizer and Storage, Slide Out Cabinet Organizer, Pull Out Sink Shelf for Kitchen Bathroom Laundry, White, 1 Pack",$20.24,5.0 out of 5 stars,Usually ships within 2 to 3 days,
